Year,Month,Category,Amount,Total_Monthly_Spend,Percent_Spend,Deviation,Label
2020,1,Beauty,1475.58,24566.3225,6.006515627237247,-1.9934843727627527,Bad
2020,1,Entertainment,4308.412499999999,24566.3225,17.53788138212384,-0.4621186178761611,Good
2020,1,Food,5458.51,24566.3225,22.219483604027428,12.219483604027428,Bad
2020,1,Health & Fitness,2370.34,24566.3225,9.648737616303784,-0.3512623836962145,Good
2020,1,Household,3663.22,24566.3225,14.911552186942105,3.911552186942103,Good
2020,1,Investment,2291.0,24566.3225,9.325775154177023,-9.674224845822977,Bad
2020,1,Salary,3231.2699999999995,24566.3225,13.15325075619275,13.15325075619275,Bad
2020,1,Shopping,1767.9899999999998,24566.3225,7.196803672995826,-5.803196327004174,Bad
2020,2,Beauty,1023.96,29640.325,3.4546179908621113,-4.545382009137889,Good
2020,2,Entertainment,7198.920000000001,29640.325,24.287587939740877,6.287587939740877,Bad
2020,2,Food,1829.57,29640.325,6.172570644890027,-3.827429355109973,Good
2020,2,Health & Fitness,766.81,29640.325,2.587049905829305,-7.412950094170695,Bad
2020,2,Household,1222.17,29640.325,4.12333535479115,-6.87666464520885,Good
2020,2,Investment,7194.0,29640.325,24.270988931464142,5.270988931464142,Bad
2020,2,Salary,882.9300000000001,29640.325,2.97881349141752,2.97881349141752,Good
2020,2,Shopping,2249.6850000000004,29640.325,7.589947141267851,-5.410052858732149,Bad
2020,2,Transportation,7272.28,29640.325,24.535088599737012,13.535088599737012,Bad
2020,3,Beauty,802.96,19290.1625,4.162536215026702,-3.8374637849732984,Good
2020,3,Entertainment,4245.862499999999,19290.1625,22.010506650734538,4.010506650734538,Good
2020,3,Food,1353.18,19290.1625,7.014870921901255,-2.985129078098745,Good
2020,3,Health & Fitness,881.82,19290.1625,4.57134562759645,-5.42865437240355,Bad
2020,3,Household,6241.21,19290.1625,32.35436715476088,21.35436715476088,Bad
2020,3,Investment,2385.0,19290.1625,12.36381497563849,-6.6361850243615095,Bad
2020,3,Shopping,2893.62,19290.1625,15.000495718996664,2.000495718996664,Good
2020,3,Transportation,486.51,19290.1625,2.5220627353450236,-8.477937264654976,Bad
2020,4,Beauty,3063.17,29618.01,10.342254594417383,2.3422545944173834,Good
2020,4,Entertainment,8599.140000000001,29618.01,29.033483343411664,11.033483343411664,Bad
2020,4,Food,1938.3,29618.01,6.5443289403980875,-3.4556710596019125,Good
2020,4,Health & Fitness,1603.18,29618.01,5.412855218834756,-4.587144781165244,Good
2020,4,Investment,3968.0,29618.01,13.397253900582786,-5.602746099417214,Bad
2020,4,Salary,6667.8,29618.01,22.512653618524674,22.512653618524674,Bad
2020,4,Shopping,583.38,29618.01,1.9696799346073552,-11.030320065392644,Bad
2020,4,Transportation,3195.04,29618.01,10.787490449223291,-0.2125095507767067,Good
2020,5,Beauty,1703.51,24149.315,7.054071720046718,-0.9459282799532822,Bad
2020,5,Food,2501.62,24149.315,10.358968774062534,0.358968774062534,Good
2020,5,Health & Fitness,2893.98,24149.315,11.983693947426666,1.9836939474266655,Good
2020,5,Household,3822.55,24149.315,15.828813363857316,4.828813363857316,Good
2020,5,Investment,6008.0,24149.315,24.878552455835703,5.8785524558357025,Bad
2020,5,Salary,954.15,24149.315,3.951043745961324,3.951043745961324,Good
2020,5,Shopping,1977.255,24149.315,8.187623541288852,-4.812376458711148,Good
2020,5,Transportation,4288.25,24149.315,17.75723245152088,6.757232451520881,Bad
2020,6,Beauty,5002.88,29317.54,17.064460387877016,9.064460387877016,Bad
2020,6,Entertainment,9207.99,29317.54,31.40778523709697,13.40778523709697,Bad
2020,6,Food,426.2999999999999,29317.54,1.4540783435445128,-8.545921656455487,Bad
2020,6,Health & Fitness,4901.3099999999995,29317.54,16.71801249354482,6.718012493544819,Good
2020,6,Household,1547.8,29317.54,5.279433404030487,-5.720566595969513,Bad
2020,6,Salary,3323.5199999999995,29317.54,11.336285377286089,11.336285377286089,Bad
2020,6,Shopping,3916.77,29317.54,13.35981804748966,0.3598180474896608,Good
2020,6,Transportation,990.97,29317.54,3.3801267091304386,-7.619873290869561,Bad
2020,7,Beauty,2810.9799999999996,31392.36,8.954344305429727,0.9543443054297268,Bad
2020,7,Entertainment,10920.69,31392.36,34.7877317920666,16.7877317920666,Bad
2020,7,Food,1786.39,31392.36,5.69052470091449,-4.30947529908551,Good
2020,7,Health & Fitness,3031.75,31392.36,9.657604589142071,-0.3423954108579288,Good
2020,7,Household,3919.73,31392.36,12.486254617365498,1.486254617365498,Good
2020,7,Salary,329.79,31392.36,1.050542233842884,1.050542233842884,Good
2020,7,Shopping,3237.54,31392.36,10.313146255968013,-2.6868537440319873,Bad
2020,7,Transportation,5355.49,31392.36,17.05985150527071,6.059851505270711,Bad
2020,8,Beauty,3377.41,44752.4625,7.546869627565187,-0.4531303724348134,Good
2020,8,Entertainment,5565.2625,44752.4625,12.435656473652148,-5.564343526347853,Bad
2020,8,Food,5614.45,44752.4625,12.545566626640936,2.5455666266409356,Good
2020,8,Health & Fitness,2812.6499999999996,44752.4625,6.284905551286702,-3.715094448713298,Good
2020,8,Household,2853.7200000000003,44752.4625,6.376677037604356,-4.623322962395644,Bad
2020,8,Investment,4142.0,44752.4625,9.25535661864417,-9.74464338135583,Bad
2020,8,Salary,4229.94,44752.4625,9.451859771962267,9.451859771962267,Bad
2020,8,Shopping,9935.67,44752.4625,22.201392828383465,9.201392828383463,Bad
2020,8,Transportation,6221.360000000001,44752.4625,13.901715464260766,2.901715464260766,Good
2020,9,Beauty,980.22,34219.8375,2.8644788275221935,-5.135521172477807,Bad
2020,9,Entertainment,884.5875,34219.8375,2.585013736549742,-15.414986263450258,Bad
2020,9,Food,2596.78,34219.8375,7.588522300843772,-2.4114776991562277,Good
2020,9,Health & Fitness,214.33,34219.8375,0.6263326060505109,-9.37366739394949,Bad
2020,9,Household,5778.35,34219.8375,16.885965633238325,5.885965633238325,Bad
2020,9,Salary,17720.37,34219.8375,51.783910429147994,51.783910429147994,Bad
2020,9,Shopping,1199.01,34219.8375,3.503844809315649,-9.496155190684352,Bad
2020,9,Transportation,4846.1900000000005,34219.8375,14.161931657331806,3.161931657331806,Good
2020,10,Beauty,1601.58,47015.4075,3.4065003052456793,-4.593499694754321,Good
2020,10,Entertainment,6096.6675000000005,47015.4075,12.96738202258483,-5.032617977415169,Bad
2020,10,Food,512.43,47015.4075,1.089919299327566,-8.910080700672435,Bad
2020,10,Health & Fitness,710.1,47015.4075,1.5103559402308702,-8.48964405976913,Bad
2020,10,Household,6446.6900000000005,47015.4075,13.71186668965913,2.7118666896591304,Bad
2020,10,Investment,12897.0,47015.4075,27.43143298290034,8.43143298290034,Bad
2020,10,Salary,11476.86,47015.4075,24.41084872017753,24.41084872017753,Bad
2020,10,Shopping,2751.42,47015.4075,5.852166654091002,-7.147833345908998,Good
2020,10,Transportation,4522.66,47015.4075,9.619527385783051,-1.3804726142169468,Good
2020,11,Beauty,4432.12,46633.765,9.504100730447131,1.5041007304471332,Good
2020,11,Entertainment,10504.17,46633.765,22.52481651438609,4.524816514386089,Good
2020,11,Food,5533.71,46633.765,11.86631617670158,1.8663161767015808,Good
2020,11,Health & Fitness,240.68,46633.765,0.5161067308204689,-9.48389326917953,Bad
2020,11,Household,128.68,46633.765,0.2759374028667855,-10.724062597133214,Bad
2020,11,Investment,4280.0,46633.765,9.177899318230043,-9.822100681769957,Bad
2020,11,Salary,12977.28,46633.765,27.828076930953355,27.828076930953355,Bad
2020,11,Shopping,3394.305,46633.765,7.278642417141314,-5.721357582858686,Bad
2020,11,Transportation,5142.82,46633.765,11.02810377845323,0.0281037784532305,Good
2020,12,Beauty,2884.02,46544.875,6.196213868873855,-1.8037861311261452,Bad
2020,12,Entertainment,4413.915,46544.875,9.483138584000924,-8.516861415999077,Bad
2020,12,Food,2090.83,46544.875,4.492073509704345,-5.507926490295655,Bad
2020,12,Household,2597.93,46544.875,5.581559731334544,-5.418440268665456,Bad
2020,12,Investment,2423.0,46544.875,5.205728879925019,-13.79427112007498,Bad
2020,12,Salary,14634.48,46544.875,31.44165711047672,31.44165711047672,Bad
2020,12,Shopping,10665.78,46544.875,22.915047037939196,9.915047037939196,Bad
2020,12,Transportation,6834.92,46544.875,14.6845812777454,3.6845812777454015,Good
2021,1,Beauty,1908.27,19319.265,9.877549689390358,1.8775496893903585,Good
2021,1,Entertainment,2400.795,19319.265,12.426947919602531,-5.573052080397467,Bad
2021,1,Food,2548.4300000000003,19319.265,13.191133306572484,3.1911333065724836,Good
2021,1,Health & Fitness,2979.62,19319.265,15.42305051460291,5.4230505146029095,Bad
2021,1,Salary,1554.3000000000002,19319.265,8.045337128508773,8.045337128508773,Bad
2021,1,Shopping,3396.54,19319.265,17.581103628942405,4.5811036289424045,Good
2021,1,Transportation,4531.31,19319.265,23.454877812380545,12.454877812380545,Bad
2021,2,Beauty,783.41,28234.414999999997,2.774663473636695,-5.225336526363305,Bad
2021,2,Food,1242.9,28234.414999999997,4.402074560425637,-5.597925439574363,Bad
2021,2,Health & Fitness,4299.46,28234.414999999997,15.227728288331813,5.227728288331813,Bad
2021,2,Household,1564.56,28234.414999999997,5.5413225313859,-5.4586774686141,Bad
2021,2,Investment,804.0,28234.414999999997,2.8475886608594516,-16.15241133914055,Bad
2021,2,Salary,6528.509999999999,28234.414999999997,23.122526179486982,23.122526179486982,Bad
2021,2,Shopping,9458.535,28234.414999999997,33.50002116211723,20.50002116211723,Bad
2021,2,Transportation,3553.04,28234.414999999997,12.584075143756298,1.584075143756298,Good
2021,3,Beauty,3819.59,47978.002499999995,7.961127602175602,-0.0388723978243978,Good
2021,3,Entertainment,12528.8775,47978.002499999995,26.11379558788426,8.113795587884258,Bad
2021,3,Food,2107.84,47978.002499999995,4.393346721760666,-5.606653278239334,Good
2021,3,Health & Fitness,4694.9,47978.002499999995,9.785526189840857,-0.214473810159145,Good
2021,3,Household,5685.13,47978.002499999995,11.849451214647798,0.8494512146477984,Good
2021,3,Investment,13088.0,47978.002499999995,27.279168197967397,8.279168197967397,Bad
2021,3,Salary,899.55,47978.002499999995,1.8749217414793375,1.8749217414793375,Good
2021,3,Shopping,3319.725,47978.002499999995,6.919264719284635,-6.080735280715365,Bad
2021,3,Transportation,1834.39,47978.002499999995,3.823398024959459,-7.1766019750405405,Bad
2021,4,Beauty,3271.71,30475.895,10.73540252058225,2.73540252058225,Good
2021,4,Entertainment,2507.58,30475.895,8.228076648774383,-9.771923351225617,Bad
2021,4,Food,1831.3,30475.895,6.009011384243187,-3.9909886157568137,Good
2021,4,Health & Fitness,2839.02,30475.895,9.315624692892529,-0.6843753071074712,Good
2021,4,Household,4027.55,30475.895,13.21552656615991,2.2155265661599106,Good
2021,4,Investment,1168.0,30475.895,3.8325371576454113,-15.167462842354588,Bad
2021,4,Salary,3175.7999999999997,30475.895,10.420694781892378,10.420694781892378,Bad
2021,4,Shopping,8099.655,30475.895,26.577250643500378,13.577250643500378,Bad
2021,4,Transportation,3555.2799999999997,30475.895,11.665875604309567,0.6658756043095675,Good
2021,5,Beauty,3237.02,40037.04,8.08506323144768,0.0850632314476804,Good
2021,5,Entertainment,5697.81,40037.04,14.231346772888308,-3.7686532271116935,Good
2021,5,Food,1783.0500000000002,40037.04,4.453501058020273,-5.546498941979727,Bad
2021,5,Health & Fitness,3539.19,40037.04,8.839789355057217,-1.160210644942783,Good
2021,5,Household,5961.44,40037.04,14.889812034056463,3.889812034056463,Bad
2021,5,Investment,5283.0,40037.04,13.195281169636916,-5.804718830363084,Bad
2021,5,Salary,10645.29,40037.04,26.58860395273976,26.58860395273976,Bad
2021,5,Shopping,2132.8500000000004,40037.04,5.3271920201893055,-7.6728079798106945,Bad
2021,5,Transportation,1757.39,40037.04,4.389410405964077,-6.610589594035923,Good
2021,6,Beauty,6356.2699999999995,33972.0925,18.71026931885341,10.71026931885341,Bad
2021,6,Entertainment,2589.4574999999995,33972.0925,7.622307928191352,-10.377692071808648,Bad
2021,6,Food,3735.41,33972.0925,10.9955252241233,0.9955252241233,Good
2021,6,Health & Fitness,3639.47,33972.0925,10.7131169503321,0.7131169503321004,Good
2021,6,Household,3608.04,33972.0925,10.620599834996918,-0.3794001650030818,Good
2021,6,Investment,5599.0,33972.0925,16.481174952646793,-2.5188250473532072,Good
2021,6,Salary,5946.18,33972.0925,17.503131430599986,17.503131430599986,Bad
2021,6,Shopping,2498.2650000000003,33972.0925,7.353874360256143,-5.646125639743857,Bad
2021,7,Beauty,4768.82,34925.412500000006,13.654298284952253,5.654298284952251,Bad
2021,7,Entertainment,6115.3875,34925.412500000006,17.509850456311714,-0.4901495436882861,Good
2021,7,Household,3730.75,34925.412500000006,10.682049925680904,-0.3179500743190946,Good
2021,7,Investment,730.0,34925.412500000006,2.0901685842651103,-16.90983141573489,Bad
2021,7,Salary,16350.510000000002,34925.412500000006,46.81551005303087,46.81551005303087,Bad
2021,7,Shopping,2325.795,34925.412500000006,6.659320058138181,-6.340679941861819,Bad
2021,7,Transportation,904.15,34925.412500000006,2.588802637620958,-8.411197362379042,Bad
2021,8,Beauty,135.57,25572.02,0.5301497496091431,-7.469850250390857,Bad
2021,8,Entertainment,5292.18,25572.02,20.695197328955633,2.695197328955633,Good
2021,8,Food,4474.030000000001,25572.02,17.495802052399462,7.495802052399462,Bad
2021,8,Health & Fitness,2049.05,25572.02,8.0128593673867,-1.9871406326133003,Good
2021,8,Investment,3025.0,25572.02,11.829335343864114,-7.1706646561358856,Bad
2021,8,Salary,5790.57,25572.02,22.644163425493957,22.644163425493957,Bad
2021,8,Shopping,3517.5299999999997,25572.02,13.755385769290026,0.7553857692900259,Good
2021,8,Transportation,1288.09,25572.02,5.0371069630009675,-5.9628930369990325,Bad
2021,9,Beauty,4065.17,30097.29,13.506764230267908,5.5067642302679065,Bad
2021,9,Food,1373.47,30097.29,4.563434116493545,-5.436565883506455,Bad
2021,9,Health & Fitness,1781.35,30097.29,5.91863918645167,-4.08136081354833,Bad
2021,9,Household,3661.1,30097.29,12.164218107344547,1.1642181073445474,Good
2021,9,Investment,8088.0,30097.29,26.872851343094347,7.872851343094347,Bad
2021,9,Salary,5756.4,30097.29,19.125974464810614,19.125974464810614,Bad
2021,9,Shopping,3260.79,30097.29,10.834164803542112,-2.1658351964578877,Bad
2021,9,Transportation,2111.01,30097.29,7.013953747995252,-3.986046252004748,Good
2021,10,Beauty,2817.24,22544.08,12.496584469182151,4.496584469182151,Good
2021,10,Entertainment,3561.3900000000003,22544.08,15.79745103814394,-2.20254896185606,Good
2021,10,Health & Fitness,1339.0,22544.08,5.939475019606034,-4.060524980393966,Good
2021,10,Household,3135.26,22544.08,13.907243054495902,2.9072430544959023,Good
2021,10,Investment,4203.0,22544.08,18.643475360271964,-0.3565246397280361,Good
2021,10,Salary,5704.4400000000005,22544.08,25.303494309814372,25.303494309814372,Bad
2021,10,Transportation,1783.75,22544.08,7.912276748485633,-3.087723251514367,Good
2021,11,Beauty,2169.9300000000003,23201.0525,9.352722252578843,1.3527222525788432,Good
2021,11,Entertainment,1571.8275,23201.0525,6.774811185828747,-11.225188814171254,Bad
2021,11,Food,171.63,23201.0525,0.7397509229376554,-9.260249077062344,Bad
2021,11,Health & Fitness,3903.01,23201.0525,16.822555787070435,6.822555787070435,Bad
2021,11,Household,1010.12,23201.0525,4.353768002550746,-6.646231997449254,Bad
2021,11,Investment,5213.0,23201.0525,22.468808257728824,3.468808257728824,Good
2021,11,Salary,2802.7200000000003,23201.0525,12.080141622885428,12.080141622885428,Bad
2021,11,Shopping,2762.895,23201.0525,11.908489927342734,-1.0915100726572664,Good
2021,11,Transportation,3595.92,23201.0525,15.498952041076585,4.498952041076583,Good
2021,12,Beauty,1628.82,27383.63,5.948152235477911,-2.0518477645220887,Good
2021,12,Health & Fitness,2598.07,27383.63,9.487675666082254,-0.5123243339177463,Good
2021,12,Household,1044.87,27383.63,3.815673816802229,-7.184326183197771,Bad
2021,12,Investment,11998.0,27383.63,43.814497931793554,24.814497931793554,Bad
2021,12,Salary,7705.41,27383.63,28.13874566666289,28.13874566666289,Bad
2021,12,Shopping,756.09,27383.63,2.761102162131171,-10.23889783786883,Bad
2021,12,Transportation,1652.37,27383.63,6.034152521049984,-4.965847478950016,Good
2022,1,Beauty,1885.01,40501.205,4.654207201983249,-3.345792798016751,Good
2022,1,Entertainment,7597.89,40501.205,18.759664064316112,0.7596640643161123,Good
2022,1,Food,4504.78,40501.205,11.122582649084144,1.1225826490841442,Good
2022,1,Health & Fitness,2329.64,40501.205,5.752026390325917,-4.247973609674083,Good
2022,1,Investment,5971.0,40501.205,14.74277123359663,-4.257228766403371,Good
2022,1,Salary,12632.31,40501.205,31.189960891287065,31.189960891287065,Bad
2022,1,Shopping,3165.015,40501.205,7.814619342807207,-5.185380657192793,Bad
2022,1,Transportation,2415.56,40501.205,5.964168226599678,-5.035831773400322,Bad
2022,2,Beauty,227.36,39902.05,0.5697952862070996,-7.4302047137929,Bad
2022,2,Entertainment,3987.0,39902.05,9.991967831226717,-8.008032168773285,Bad
2022,2,Food,3644.12,39902.05,9.132663610015024,-0.8673363899849758,Good
2022,2,Health & Fitness,1909.67,39902.05,4.785894459056615,-5.214105540943385,Bad
2022,2,Household,2064.83,39902.05,5.174746660885844,-5.825253339114156,Bad
2022,2,Investment,12757.0,39902.05,31.970788468261652,12.970788468261652,Bad
2022,2,Salary,4803.09,39902.05,12.03720109618428,12.03720109618428,Bad
2022,2,Shopping,5055.9,39902.05,12.670777566566128,-0.3292224334338733,Good
2022,2,Transportation,5453.08,39902.05,13.666165021596631,2.6661650215966333,Good
2022,3,Beauty,1778.36,55371.912500000006,3.211664397540901,-4.7883356024590995,Good
2022,3,Entertainment,10114.3575,55371.912500000006,18.26622387297892,0.2662238729789195,Bad
2022,3,Food,4474.02,55371.912500000006,8.079944863742968,-1.920055136257032,Good
2022,3,Health & Fitness,1002.95,55371.912500000006,1.811297379334694,-8.188702620665307,Bad
2022,3,Household,1863.42,55371.912500000006,3.3652801860510055,-7.634719813948994,Good
2022,3,Investment,7619.0,55371.912500000006,13.759683666335343,-5.240316333664655,Bad
2022,3,Salary,19278.120000000003,55371.912500000006,34.815701913853886,34.815701913853886,Bad
2022,3,Shopping,4636.665,55371.912500000006,8.373676816743506,-4.626323183256494,Good
2022,3,Transportation,4605.0199999999995,55371.912500000006,8.316526903418767,-2.683473096581233,Good
2022,4,Beauty,6294.99,37589.9075,16.746489732649646,8.746489732649646,Bad
2022,4,Entertainment,3675.1725,37589.9075,9.777019270398576,-8.222980729601424,Bad
2022,4,Food,4659.44,37589.9075,12.395454817227202,2.3954548172272023,Good
2022,4,Health & Fitness,1959.3,37589.9075,5.212303329025218,-4.787696670974782,Good
2022,4,Investment,6018.0,37589.9075,16.009616411000746,-2.9903835889992543,Good
2022,4,Salary,9272.4,37589.9075,24.667259423290677,24.667259423290677,Bad
2022,4,Shopping,5710.605,37589.9075,15.191857016407925,2.1918570164079245,Good
2022,5,Beauty,2767.02,62365.93000000001,4.436749359786665,-3.563250640213335,Good
2022,5,Entertainment,17880.975000000002,62365.93000000001,28.671062870384517,10.671062870384516,Bad
2022,5,Food,2292.74,62365.93000000001,3.676270040389039,-6.3237299596109615,Bad
2022,5,Health & Fitness,2106.02,62365.93000000001,3.3768758038242987,-6.623124196175701,Bad
2022,5,Household,4417.43,62365.93000000001,7.083082060990672,-3.916917939009328,Good
2022,5,Investment,7015.0,62365.93000000001,11.248128585591523,-7.751871414408477,Bad
2022,5,Salary,17099.79,62365.93000000001,27.418479929666724,27.418479929666724,Bad
2022,5,Shopping,8019.435,62365.93000000001,12.858679410376784,-0.1413205896232146,Good
2022,5,Transportation,767.52,62365.93000000001,1.2306719389897656,-9.769328061010237,Bad
2022,6,Entertainment,6634.08,40502.46,16.379449544546183,-1.6205504554538166,Good
2022,6,Food,6618.52,40502.46,16.341032124962286,6.341032124962286,Bad
2022,6,Health & Fitness,2460.98,40502.46,6.076124758841809,-3.923875241158191,Good
2022,6,Household,6829.400000000001,40502.46,16.861691857729134,5.861691857729134,Bad
2022,6,Investment,5819.0,40502.46,14.36702857061028,-4.63297142938972,Good
2022,6,Salary,5979.39,40502.46,14.76302920859622,14.76302920859622,Bad
2022,6,Shopping,4361.46,40502.46,10.76838295747962,-2.23161704252038,Good
2022,6,Transportation,1799.63,40502.46,4.443260977234469,-6.556739022765531,Bad
2022,7,Beauty,1665.63,35239.7925,4.7265601805118465,-3.2734398194881535,Good
2022,7,Entertainment,9974.4075,35239.7925,28.30438771737944,10.304387717379438,Bad
2022,7,Food,795.17,35239.7925,2.2564548301469136,-7.743545169853086,Bad
2022,7,Health & Fitness,773.85,35239.7925,2.1959550414492366,-7.804044958550763,Bad
2022,7,Household,3681.67,35239.7925,10.447479223948324,-0.5525207760516757,Good
2022,7,Investment,6769.0,35239.7925,19.20839914139676,0.2083991413967609,Good
2022,7,Salary,2178.7200000000003,35239.7925,6.182556267889489,6.182556267889489,Good
2022,7,Shopping,6858.465,35239.7925,19.46227407553549,6.462274075535486,Bad
2022,7,Transportation,2542.88,35239.7925,7.215933521742501,-3.784066478257498,Good
2022,8,Beauty,2041.19,45245.6475,4.511351064210099,-3.488648935789901,Good
2022,8,Entertainment,8845.6275,45245.6475,19.55022856065879,1.550228560658791,Good
2022,8,Food,1906.48,45245.6475,4.213620768715931,-5.786379231284069,Bad
2022,8,Health & Fitness,3391.6499999999996,45245.6475,7.496080147819743,-2.503919852180257,Good
2022,8,Household,2771.03,45245.6475,6.124412298442629,-4.875587701557371,Bad
2022,8,Investment,6292.0,45245.6475,13.906309993685028,-5.093690006314972,Bad
2022,8,Salary,9382.56,45245.6475,20.73693386750626,20.73693386750626,Bad
2022,8,Shopping,10615.11,45245.6475,23.46106329896152,10.46106329896152,Bad
2022,9,Beauty,5163.41,41530.9725,12.432672988815757,4.4326729888157566,Good
2022,9,Entertainment,4391.2575,41530.9725,10.573452138641828,-7.426547861358173,Bad
2022,9,Food,1412.42,41530.9725,3.4008835213285695,-6.59911647867143,Bad
2022,9,Health & Fitness,854.1300000000001,41530.9725,2.056609678475504,-7.943390321524496,Bad
2022,9,Household,4013.62,41530.9725,9.664160886191624,-1.335839113808376,Good
2022,9,Investment,16058.0,41530.9725,38.66511914692101,19.665119146921008,Bad
2022,9,Salary,4594.620000000001,41530.9725,11.063116809990424,11.063116809990424,Bad
2022,9,Shopping,3205.335,41530.9725,7.717938702254082,-5.282061297745918,Bad
2022,9,Transportation,1838.18,41530.9725,4.426046127381197,-6.573953872618803,Bad
2022,10,Beauty,654.07,36981.535,1.768639403421194,-6.231360596578806,Bad
2022,10,Entertainment,2317.725,36981.535,6.267249317801438,-11.732750682198562,Bad
2022,10,Food,1732.39,36981.535,4.684472940347122,-5.315527059652878,Bad
2022,10,Health & Fitness,3881.4,36981.535,10.495508096135003,0.4955080961350049,Good
2022,10,Household,2358.37,36981.535,6.377155518287708,-4.622844481712292,Good
2022,10,Investment,7195.0,36981.535,19.45565536963244,0.4556553696324421,Good
2022,10,Salary,17874.69,36981.535,48.33409429868176,48.33409429868176,Bad
2022,10,Shopping,510.4500000000001,36981.535,1.3802834306363978,-11.619716569363602,Bad
2022,10,Transportation,457.44,36981.535,1.2369416250569374,-9.763058374943062,Bad
2022,11,Beauty,2294.0,28807.005,7.96334086101627,-0.0366591389837296,Good
2022,11,Entertainment,2237.58,28807.005,7.767485720921005,-10.232514279078996,Bad
2022,11,Food,1840.56,28807.005,6.389279274259854,-3.610720725740146,Good
2022,11,Health & Fitness,2616.55,28807.005,9.083033796814352,-0.9169662031856484,Good
2022,11,Household,3826.96,28807.005,13.284824298812042,2.284824298812042,Good
2022,11,Investment,3138.0,28807.005,10.893183793316938,-8.106816206683062,Bad
2022,11,Salary,4863.36,28807.005,16.88256033558504,16.88256033558504,Bad
2022,11,Shopping,4898.775,28807.005,17.005499183271567,4.005499183271567,Good
2022,11,Transportation,3091.22,28807.005,10.730792736002924,-0.2692072639970746,Good
2022,12,Beauty,4897.5,13161.4725,37.210881989078345,29.210881989078345,Bad
2022,12,Entertainment,1944.3825,13161.4725,14.773289994717535,-3.226710005282463,Good
2022,12,Household,5530.4,13161.4725,42.01961444663581,31.019614446635813,Bad
2022,12,Investment,508.0,13161.4725,3.8597504952428383,-15.14024950475716,Bad
2022,12,Salary,85.44,13161.4725,0.6491674848691892,0.6491674848691892,Good
2022,12,Transportation,195.75,13161.4725,1.487295589456271,-9.51270441054373,Bad
2023,1,Beauty,1589.66,54379.307499999995,2.9232810660562385,-5.076718933943761,Bad
2023,1,Entertainment,13110.8175,54379.307499999995,24.10993832534554,6.109938325345539,Bad
2023,1,Food,9083.72,54379.307499999995,16.70436866081827,6.704368660818272,Bad
2023,1,Health & Fitness,323.05,54379.307499999995,0.5940678814271403,-9.40593211857286,Bad
2023,1,Household,4416.58,54379.307499999995,8.121802580880605,-2.8781974191193953,Good
2023,1,Investment,12940.0,54379.307499999995,23.7958160831673,4.795816083167299,Good
2023,1,Salary,5728.08,54379.307499999995,10.533565547887862,10.533565547887862,Bad
2023,1,Shopping,4866.15,54379.307499999995,8.948532490966347,-4.051467509033653,Good
2023,1,Transportation,2321.25,54379.307499999995,4.268627363450703,-6.731372636549297,Bad
2023,2,Beauty,366.13,28015.9625,1.306862114767608,-6.693137885232392,Bad
2023,2,Entertainment,3998.767499999999,28015.9625,14.273175515565455,-3.7268244844345446,Good
2023,2,Food,8451.4,28015.9625,30.166373902021036,20.166373902021036,Bad
2023,2,Health & Fitness,2659.59,28015.9625,9.493123786127285,-0.5068762138727152,Good
2023,2,Household,1015.8,28015.9625,3.6257901187581902,-7.37420988124181,Bad
2023,2,Investment,8696.0,28015.9625,31.03944760063125,12.039447600631249,Bad
2023,2,Shopping,685.1850000000001,28015.9625,2.445695021186583,-10.554304978813416,Bad
2023,2,Transportation,2143.09,28015.9625,7.649531940942597,-3.3504680590574027,Good
2023,3,Beauty,1359.33,31753.875,4.280831866976865,-3.719168133023135,Good
2023,3,Entertainment,631.9350000000001,31753.875,1.990103570036728,-16.009896429963273,Bad
2023,3,Food,437.89,31753.875,1.3790127976506803,-8.620987202349319,Bad
2023,3,Health & Fitness,3639.14,31753.875,11.460459550212375,1.4604595502123754,Good
2023,3,Household,2794.59,31753.875,8.800784156264394,-2.1992158437356064,Bad
2023,3,Investment,6520.0,31753.875,20.532927083702383,1.5329270837023827,Good
2023,3,Salary,9047.13,31753.875,28.491420338462625,28.491420338462625,Bad
2023,3,Shopping,6391.8,31753.875,20.12919683030811,7.129196830308114,Bad
2023,3,Transportation,932.06,31753.875,2.9352638063858345,-8.064736193614166,Bad
2023,4,Beauty,569.71,25853.7125,2.203590683543031,-5.79640931645697,Bad
2023,4,Entertainment,6615.5175,25853.7125,25.588268996183817,7.5882689961838174,Good
2023,4,Food,3509.37,25853.7125,13.573949969467632,3.573949969467632,Bad
2023,4,Health & Fitness,6155.64,25853.7125,23.809501246677826,13.809501246677822,Bad
2023,4,Investment,2642.0,25853.7125,10.2190352739476,-8.780964726052401,Bad
2023,4,Salary,3266.49,25853.7125,12.63451042089216,12.63451042089216,Bad
2023,4,Shopping,1896.345,25853.7125,7.334904029740407,-5.665095970259593,Bad
2023,4,Transportation,1198.64,25853.7125,4.636239379547521,-6.363760620452479,Bad
2023,5,Beauty,4144.39,31718.5075,13.066157037811443,5.066157037811443,Bad
2023,5,Entertainment,6763.5225,31718.5075,21.323583715280424,3.3235837152804244,Good
2023,5,Food,1042.49,31718.5075,3.286693108116768,-6.7133068918832315,Bad
2023,5,Health & Fitness,3556.08,31718.5075,11.211372414039342,1.2113724140393425,Good
2023,5,Household,1927.23,31718.5075,6.076042512403839,-4.923957487596161,Good
2023,5,Investment,7898.0,31718.5075,24.900288892849073,5.900288892849073,Good
2023,5,Shopping,6123.375,31718.5075,19.30536927060644,6.305369270606441,Bad
2023,5,Transportation,263.42,31718.5075,0.8304930488926695,-10.16950695110733,Bad
2023,6,Beauty,2863.98,42490.627499999995,6.740262896800007,-1.2597371031999929,Good
2023,6,Entertainment,1855.0575,42490.627499999995,4.365803964650793,-13.634196035349207,Bad
2023,6,Food,3214.62,42490.627499999995,7.565480175598725,-2.434519824401275,Good
2023,6,Household,971.85,42490.627499999995,2.2872102794904596,-8.71278972050954,Bad
2023,6,Investment,7871.0,42490.627499999995,18.524085105591816,-0.4759148944081843,Good
2023,6,Salary,16523.76,42490.627499999995,38.88801124436206,38.88801124436206,Bad
2023,6,Shopping,7507.29,42490.627499999995,17.668108102192654,4.6681081021926545,Good
2023,6,Transportation,1683.07,42490.627499999995,3.9610382313134824,-7.038961768686518,Bad
2023,7,Beauty,4516.52,35383.39,12.764520301757406,4.764520301757406,Good
2023,7,Entertainment,3770.055,35383.39,10.65487224372792,-7.345127756272081,Bad
2023,7,Food,2613.33,35383.39,7.385753597945251,-2.614246402054749,Good
2023,7,Health & Fitness,7045.78,35383.39,19.912676541168047,9.912676541168048,Good
2023,7,Household,4086.07,35383.39,11.547989042316184,0.5479890423161837,Bad
2023,7,Investment,3443.0,35383.39,9.73055436463267,-9.26944563536733,Bad
2023,7,Salary,3776.82,35383.39,10.67399138409293,10.67399138409293,Bad
2023,7,Shopping,3615.225,35383.39,10.217294046726446,-2.7827059532735543,Good
2023,7,Transportation,2516.59,35383.39,7.11234847763315,-3.88765152236685,Good
2023,8,Entertainment,2476.575,26062.045,9.50261194008375,-8.49738805991625,Bad
2023,8,Food,2684.06,26062.045,10.298731354350744,0.2987313543507426,Good
2023,8,Health & Fitness,1618.4699999999998,26062.045,6.21006525006,-3.78993474994,Good
2023,8,Household,968.66,26062.045,3.716745942231318,-7.283254057768682,Bad
2023,8,Investment,5363.0,26062.045,20.57781728179811,1.5778172817981115,Good
2023,8,Salary,1090.17,26062.045,4.182979501416716,4.182979501416716,Good
2023,8,Shopping,3671.4,26062.045,14.087152408799849,1.087152408799847,Good
2023,8,Transportation,8189.71,26062.045,31.42389632125952,20.42389632125952,Bad
2023,9,Beauty,7824.360000000001,39497.795,19.809612156830532,11.809612156830532,Bad
2023,9,Entertainment,5609.880000000001,39497.795,14.203020700269477,-3.796979299730525,Good
2023,9,Food,2484.4700000000003,39497.795,6.290148601966263,-3.709851398033737,Good
2023,9,Health & Fitness,528.51,39497.795,1.338074695055762,-8.661925304944237,Bad
2023,9,Household,2348.37,39497.795,5.945572404738036,-5.054427595261964,Bad
2023,9,Investment,5186.0,39497.795,13.129846868666972,-5.870153131333028,Bad
2023,9,Salary,6327.030000000001,39497.795,16.018691676332818,16.018691676332818,Bad
2023,9,Shopping,3382.185,39497.795,8.562971679811493,-4.437028320188507,Good
2023,9,Transportation,5806.99,39497.795,14.702061216328657,3.702061216328657,Good
2023,10,Beauty,1541.24,32549.1975,4.7351090606765345,-3.2648909393234655,Good
2023,10,Entertainment,102.7125,32549.1975,0.3155607753463046,-17.684439224653694,Bad
2023,10,Food,2557.76,32549.1975,7.85813536570295,-2.1418646342970504,Good
2023,10,Health & Fitness,4907.42,32549.1975,15.076930852135447,5.0769308521354475,Good
2023,10,Household,1099.09,32549.1975,3.3767038342496765,-7.6232961657503235,Bad
2023,10,Investment,14193.0,32549.1975,43.60476168421664,24.60476168421664,Bad
2023,10,Salary,4375.17,32549.1975,13.441713885572756,13.441713885572756,Bad
2023,10,Shopping,2523.435,32549.1975,7.752679616755528,-5.247320383244472,Good
2023,10,Transportation,1249.37,32549.1975,3.8384049253441654,-7.161595074655835,Good
2023,11,Beauty,3194.13,44934.835,7.108360362289081,-0.8916396377109193,Good
2023,11,Entertainment,4763.79,44934.835,10.601552225572878,-7.398447774427122,Bad
2023,11,Food,1992.57,44934.835,4.434354771748912,-5.565645228251088,Bad
2023,11,Health & Fitness,2831.7799999999997,44934.835,6.301970397799391,-3.6980296022006094,Good
2023,11,Household,5718.0199999999995,44934.835,12.72513852560046,1.7251385256004603,Good
2023,11,Investment,11246.0,44934.835,25.027353499795872,6.027353499795872,Bad
2023,11,Salary,11649.42,44934.835,25.925142486892412,25.925142486892412,Bad
2023,11,Shopping,1330.455,44934.835,2.960854312695262,-10.03914568730474,Bad
2023,11,Transportation,2208.67,44934.835,4.915273417605739,-6.084726582394261,Bad
2023,12,Entertainment,4808.8125,39405.1825,12.203502673791702,-5.796497326208298,Bad
2023,12,Food,3536.0,39405.1825,8.973438963263272,-1.0265610367367284,Good
2023,12,Health & Fitness,4354.53,39405.1825,11.050653045446497,1.050653045446495,Good
2023,12,Household,2376.72,39405.1825,6.031490908587974,-4.968509091412026,Good
2023,12,Investment,3601.0,39405.1825,9.13839188538208,-9.86160811461792,Good
2023,12,Salary,18488.07,39405.1825,46.91786416672477,46.91786416672477,Bad
2023,12,Shopping,458.73,39405.1825,1.1641362148240273,-11.835863785175972,Bad
2023,12,Transportation,1781.32,39405.1825,4.520522141979674,-6.479477858020326,Bad
2024,1,Beauty,6290.4,58582.6475,10.73765059866917,2.7376505986691697,Good
2024,1,Entertainment,12276.1575,58582.6475,20.95527946223325,2.95527946223325,Good
2024,1,Food,1774.01,58582.6475,3.028217528065798,-6.971782471934202,Bad
2024,1,Health & Fitness,3863.41,58582.6475,6.594802667462238,-3.405197332537762,Good
2024,1,Household,1647.6699999999998,58582.6475,2.8125563973529872,-8.187443602647013,Bad
2024,1,Investment,15132.0,58582.6475,25.83017437032015,6.830174370320151,Good
2024,1,Salary,9057.84,58582.6475,15.461643313406071,15.461643313406071,Bad
2024,1,Shopping,2027.61,58582.6475,3.4611102203941875,-9.538889779605812,Bad
2024,1,Transportation,6513.55,58582.6475,11.118565442096145,0.118565442096143,Bad
2024,2,Beauty,927.18,43703.6025,2.121518472075614,-5.878481527924386,Bad
2024,2,Entertainment,16193.4525,43703.6025,37.05290084495895,19.05290084495895,Bad
2024,2,Food,1787.89,43703.6025,4.0909442190720995,-5.9090557809279005,Bad
2024,2,Health & Fitness,5037.45,43703.6025,11.526395335487504,1.5263953354875035,Good
2024,2,Household,1865.2799999999995,43703.6025,4.268023442689879,-6.731976557310121,Bad
2024,2,Investment,3590.0,43703.6025,8.214425801625849,-10.785574198374151,Bad
2024,2,Salary,10964.91,43703.6025,25.08925894610175,25.08925894610175,Bad
2024,2,Transportation,3337.44,43703.6025,7.636532937988349,-3.363467062011651,Good
2024,3,Beauty,1553.31,32360.4725,4.800022620188874,-3.199977379811126,Good
2024,3,Entertainment,9453.4425,32360.4725,29.212930991659658,11.212930991659654,Bad
2024,3,Food,4584.88,32360.4725,14.16814912081398,4.168149120813981,Good
2024,3,Health & Fitness,1033.48,32360.4725,3.193649289267949,-6.806350710732051,Bad
2024,3,Household,419.1,32360.4725,1.295098518725275,-9.704901481274725,Bad
2024,3,Investment,5763.0,32360.4725,17.80876345362386,-1.191236546376139,Good
2024,3,Salary,6391.2,32360.4725,19.750020646330174,19.750020646330174,Bad
2024,3,Shopping,1944.99,32360.4725,6.010388136328974,-6.989611863671026,Bad
2024,3,Transportation,1217.07,32360.4725,3.760977223061252,-7.239022776938748,Bad
2024,4,Beauty,605.16,31867.74,1.8989736956558576,-6.101026304344142,Good
2024,4,Entertainment,5127.21,31867.74,16.089029218890325,-1.9109707811096752,Good
2024,4,Health & Fitness,1983.15,31867.74,6.223064453268415,-3.7769355467315857,Bad
2024,4,Household,1564.52,31867.74,4.909416230959584,-6.090583769040416,Bad
2024,4,Investment,9769.0,31867.74,30.65482522450603,11.654825224506034,Bad
2024,4,Salary,5710.68,31867.74,17.91994035347345,17.91994035347345,Bad
2024,4,Transportation,7108.02,31867.74,22.30475082324633,11.30475082324633,Bad
2024,5,Beauty,2991.3199999999997,24969.7575,11.979771930103846,3.979771930103846,Good
2024,5,Entertainment,8203.7475,24969.7575,32.854734372170014,14.854734372170014,Bad
2024,5,Food,3057.06,24969.7575,12.243050418090764,2.243050418090764,Bad
2024,5,Health & Fitness,872.75,24969.7575,3.4952281775263536,-6.504771822473646,Bad
2024,5,Household,3667.62,24969.7575,14.688248374058096,3.688248374058096,Good
2024,5,Investment,1967.0,24969.7575,7.877529447372486,-11.122470552627515,Bad
2024,5,Salary,3933.84,24969.7575,15.75441811959928,15.75441811959928,Bad
2024,5,Transportation,276.42,24969.7575,1.1070191610791575,-9.892980838920842,Good
2024,6,Beauty,3460.87,42341.3,8.173745255814062,0.1737452558140617,Good
2024,6,Entertainment,2334.555,42341.3,5.513659240505133,-12.486340759494867,Bad
2024,6,Food,4549.58,42341.3,10.745017276276354,0.7450172762763536,Good
2024,6,Health & Fitness,2422.16,42341.3,5.720561248709888,-4.279438751290112,Good
2024,6,Household,2363.77,42341.3,5.58265806671028,-5.41734193328972,Bad
2024,6,Investment,10069.0,42341.3,23.780564130057417,4.780564130057414,Good
2024,6,Salary,11688.84,42341.3,27.606237881217627,27.606237881217627,Bad
2024,6,Shopping,1886.085,42341.3,4.454480613490847,-8.545519386509152,Bad
2024,6,Transportation,3566.44,42341.3,8.42307628721839,-2.5769237127816105,Good
2024,7,Beauty,2877.98,52928.3725,5.4374995188072335,-2.5625004811927665,Good
2024,7,Entertainment,6119.5275,52928.3725,11.561903778545242,-6.438096221454758,Bad
2024,7,Food,6890.58,52928.3725,13.018688606002383,3.018688606002385,Good
2024,7,Health & Fitness,3977.95,52928.3725,7.5157232541015695,-2.4842767458984305,Good
2024,7,Household,1585.72,52928.3725,2.9959734733955785,-8.004026526604422,Bad
2024,7,Investment,10509.0,52928.3725,19.855135352971605,0.8551353529716046,Good
2024,7,Salary,12943.05,52928.3725,24.45389757638968,24.45389757638968,Bad
2024,7,Shopping,8024.565,52928.3725,15.161178439786712,2.1611784397867133,Good
2024,8,Entertainment,11460.42,40212.345,28.4997554855356,10.499755485535598,Bad
2024,8,Food,4312.83,40212.345,10.725139257608578,0.7251392576085784,Good
2024,8,Health & Fitness,1187.6,40212.345,2.9533219214149287,-7.046678078585071,Bad
2024,8,Household,1839.16,40212.345,4.573620364592017,-6.426379635407983,Bad
2024,8,Investment,1211.0,40212.345,3.011513006764465,-15.988486993235536,Bad
2024,8,Salary,11376.45,40212.345,28.290939013877452,28.290939013877452,Bad
2024,8,Shopping,6349.365,40212.345,15.789591479929856,2.7895914799298573,Good
2024,8,Transportation,2475.52,40212.345,6.1561194702771,-4.8438805297229,Good
2024,9,Beauty,1037.5700000000002,35073.475,2.958275448896923,-5.041724551103076,Bad
2024,9,Entertainment,6017.715,35073.475,17.157453032526718,-0.8425469674732824,Good
2024,9,Food,3049.01,35073.475,8.693207616296931,-1.306792383703069,Good
2024,9,Health & Fitness,2724.02,35073.475,7.766609952392798,-2.2333900476072017,Good
2024,9,Household,1771.1799999999998,35073.475,5.049913075336846,-5.950086924663154,Bad
2024,9,Investment,7209.0,35073.475,20.553994150850468,1.5539941508504675,Good
2024,9,Salary,5639.7300000000005,35073.475,16.079758278870287,16.079758278870287,Bad
2024,9,Shopping,4132.62,35073.475,11.782750354790906,-1.217249645209094,Good
2024,9,Transportation,3492.63,35073.475,9.958038090038128,-1.0419619099618718,Good
2024,10,Beauty,4194.95,37800.765,11.097526729948456,3.0975267299484557,Good
2024,10,Entertainment,2605.365,37800.765,6.892360511751547,-11.107639488248452,Bad
2024,10,Food,1241.6,37800.765,3.284589610818723,-6.715410389181277,Bad
2024,10,Health & Fitness,4453.31,37800.765,11.781004961142983,1.7810049611429832,Bad
2024,10,Household,1072.64,37800.765,2.837614529758856,-8.162385470241144,Bad
2024,10,Investment,3896.0,37800.765,10.306669719514936,-8.693330280485064,Bad
2024,10,Salary,12535.05,37800.765,33.16083682433411,33.16083682433411,Bad
2024,10,Shopping,3349.29,37800.765,8.860376238417397,-4.1396237615826035,Good
2024,10,Transportation,4452.56,37800.765,11.779020874312994,0.7790208743129945,Good
2024,11,Beauty,976.21,50978.3375,1.9149506395731324,-6.085049360426868,Bad
2024,11,Entertainment,3625.582499999999,50978.3375,7.11200615359416,-10.88799384640584,Bad
2024,11,Food,1441.13,50978.3375,2.8269458571496178,-7.173054142850383,Bad
2024,11,Health & Fitness,1215.55,50978.3375,2.38444417690161,-7.61555582309839,Bad
2024,11,Household,2946.1899999999996,50978.3375,5.779297922377323,-5.220702077622677,Bad
2024,11,Investment,13167.0,50978.3375,25.828617890883553,6.828617890883553,Bad
2024,11,Salary,16961.31,50978.3375,33.271602864648145,33.271602864648145,Bad
2024,11,Shopping,2770.875,50978.3375,5.43539694679137,-7.56460305320863,Bad
2024,11,Transportation,7874.49,50978.3375,15.446737548081083,4.446737548081083,Good
2024,12,Beauty,160.82,16256.9625,0.9892376881597652,-7.010762311840235,Bad
2024,12,Entertainment,1636.3125,16256.9625,10.065302789497114,-7.934697210502886,Bad
2024,12,Food,406.37,16256.9625,2.499667450177116,-7.500332549822884,Bad
2024,12,Health & Fitness,1428.01,16256.9625,8.783990244179993,-1.2160097558200071,Good
2024,12,Household,4601.56,16256.9625,28.30516463330711,17.30516463330711,Bad
2024,12,Investment,1425.0,16256.9625,8.765475100283956,-10.234524899716044,Bad
2024,12,Salary,2353.05,16256.9625,14.474106094542568,14.474106094542568,Bad
2024,12,Shopping,4245.84,16256.9625,26.11705599985237,13.117055999852369,Bad
